topic,sentiment_mean,sentiment_std,subjectivity_mean,subjectivity_std,counting
Causes,0.03372693411813641,0.8997290623087404,0.2001386930547471,0.8144682998214731,24.0
Hazard,0.029373760785347043,0.904237857751873,0.06123385827513597,0.9142666426243077,1327.0
Impacts,-0.08515152833753697,0.8164527611447484,-0.12990525189202312,0.941106896926253,83.0
Mitigation,-0.14721241589926817,0.963703110047684,-0.1116552209723367,0.8732016179405451,116.0
