topic,sentiment_mean,sentiment_std,subjectivity_mean,subjectivity_std,counting
Causes,0.018555428253272454,0.8152510418877567,0.20150507646258972,0.8027338694317673,28.0
Hazard,0.0336323647331158,0.9074276056588436,0.059582407592178664,0.9192883130146023,1520.0
Impacts,-0.0987489418404133,0.8877477136981581,-0.1209808598738927,0.9052782847446326,99.0
Mitigation,-0.19166476615500153,0.9428905995922587,-0.12356795470437945,0.8978687627318834,136.0
