topic,sentiment_mean,sentiment_std,subjectivity_mean,subjectivity_std,counting
Hazard,-0.012006744477995839,0.650260377557367,0.0,0.0,84.0
Impacts,0.35355339059327373,0.49999999999999994,0.0,1.0,2.0
Mitigation,0.20377495513506239,1.1765969225508885,0.0,1.0,3.0
