topic,sentiment_mean,sentiment_std,subjectivity_mean,subjectivity_std,counting
Causes,-0.017420705536743082,1.0473184170159002,0.27713625264493574,0.7272927736265844,14.0
Hazard,0.02838778456190911,0.9022905004652323,0.07317214802516364,0.9082257143143595,1225.0
Impacts,-0.06399464985088409,0.7927215733499302,-0.23860437294561157,0.9060641378828259,72.0
Mitigation,-0.13297697635172376,0.9184322484842993,-0.14022686521872857,0.8890520356718636,94.0
