week,sentiment_mean,sentiment_std,subjectivity_mean,subjectivity_std,counting
2025-02,-0.5724554123860943,0.350014545947155,,1.0,6.0
2025-03,0.1295208673343484,1.1651263656865332,0.0,1.0,9.0
2025-04,-0.0034303375089407184,0.6485380681699716,0.0,0.0,26.0
2025-05,0.5078988132307215,0.9474207544792985,,1.0,24.0
2025-06,-0.05150311580948266,0.7410933907042406,0.0,0.0,43.0
2025-07,-0.08818333508195467,0.7914313219238608,-0.0721687836487032,0.20412414523193143,23.0
2025-08,-0.27155658848374964,0.42852732554489403,0.19245008972987523,0.4714045207910317,22.0
2025-09,0.10943162199802944,1.3020694890076308,0.0,0.0,11.0
2025-10,0.01340869870998739,0.598735762315557,-0.08247860988423224,0.2182178902359923,29.0
