topic,sentiment_mean,sentiment_std,subjectivity_mean,subjectivity_std,counting
Causes,0.19024652278010146,1.0364060585539498,0.3280687552724574,0.7579134196811401,9.0
Hazard,0.023230742659118057,0.8994097615318623,0.07147185577320375,0.9076889055034928,1097.0
Impacts,-0.03285362190073528,0.8006903528252098,-0.12144201567965426,0.810495109805158,62.0
Mitigation,-0.09977073966846571,0.8592864014534891,-0.17258794352270723,0.8844370462404486,91.0
