topic,sentiment_mean,sentiment_std,subjectivity_mean,subjectivity_std,counting
Causes,0.02167523536926459,0.8111238384551614,0.20682845294522653,0.7939858982202597,28.0
Hazard,0.033587279820062946,0.9072142401831228,0.06225297348549199,0.9192239312189571,1493.0
Impacts,-0.10445257664274513,0.8843448403950843,-0.1412880919920806,0.9128245384730331,98.0
Mitigation,-0.18552806025659668,0.936692549423841,-0.13285334602484256,0.8769230871177678,134.0
