topic,sentiment_mean,sentiment_std,subjectivity_mean,subjectivity_std,counting
Hazard,0.02127020056095095,0.8980635481867918,0.060784241461518604,0.9068639629824012,1046.0
Impacts,0.03478586211706106,0.6497196199779155,0.2243336630235222,0.5582605933733429,14.0
Mitigation,-0.09360745057788525,0.8647499458404913,-0.1578147354513414,0.8808919734602524,90.0
