topic,sentiment_mean,sentiment_std,subjectivity_mean,subjectivity_std,counting
Causes,0.013074612066356458,0.7996890472627145,0.15272681123656626,0.8552778518314462,29.0
Hazard,0.03365608115830719,0.9068982348799862,0.060968637903643944,0.919425136313395,1527.0
Impacts,-0.08068941399597558,0.8993448001503602,-0.11389253145316074,0.8977370171560061,102.0
Mitigation,-0.20007322999086716,0.9402164093119059,-0.13020116919866584,0.8901301817691656,138.0
