topic,sentiment_mean,sentiment_std,subjectivity_mean,subjectivity_std,counting
Causes,0.024687566068112978,0.9302724133587352,0.14929899868344423,0.7198684918736694,19.0
Hazard,0.026008186118882316,0.9069196737693236,0.07297598365493672,0.9111439678973011,1239.0
Impacts,-0.07451281382262694,0.7858629585561876,-0.21936823180626344,0.905458807882013,75.0
Mitigation,-0.10161211756861944,0.9124778257079893,-0.14524177638557634,0.8911057999828882,97.0
