week,sentiment_mean,sentiment_std,subjectivity_mean,subjectivity_std,counting
2025-02,-0.3311580158474122,0.8443446930460367,0.0,0.0,6.0
2025-03,0.062275813762193336,0.9406083661304467,0.0,0.0,9.0
2025-04,0.0634410621775448,0.6765419694309448,0.0,0.0,26.0
2025-05,0.47889501896898545,0.8941401442803963,0.0,1.0,24.0
2025-06,-0.05907417250086081,0.691892292154892,0.0,0.0,43.0
2025-07,-0.21604930835799788,0.6262386762112164,-0.08838834764831843,0.25,22.0
2025-08,-0.2133764246294035,0.4582650364340239,0.10101525445522107,0.2672612419124244,21.0
2025-09,0.1728710379584552,1.40050987498701,0.0,1.0,7.0
