topic,sentiment_mean,sentiment_std,subjectivity_mean,subjectivity_std,counting
Causes,0.01747114752825085,0.8905221813985076,0.21897270756100187,0.7981284020044686,24.0
Hazard,0.03168390554681758,0.9018555255015483,0.06161343013325853,0.9145164902954594,1343.0
Impacts,-0.11826845447198925,0.851918010670147,-0.12656672368684904,0.9272064449621525,85.0
Mitigation,-0.14921196836376144,0.9632388036880352,-0.1170585293858103,0.8797616541907617,116.0
