topic,sentiment_mean,sentiment_std,subjectivity_mean,subjectivity_std,counting
Hazard,-0.020699058176965292,0.7069716022132783,0.0,0.17407765595569782,148.0
Impacts,0.0007260082272675828,0.7124665744910741,0.0,0.0,5.0
Mitigation,0.8534495043738302,1.8282534557839207,0.0,0.0,5.0
