topic,sentiment_mean,sentiment_std,subjectivity_mean,subjectivity_std,counting
Causes,0.06556722562932349,0.9128953684338759,0.09087408179720347,0.7430341483906644,20.0
Hazard,0.02776518319787561,0.9056904239891186,0.0709135293976721,0.9150183650665176,1290.0
Impacts,-0.05159288445143045,0.7785294673150881,-0.2043223228254084,0.8956607073485604,77.0
Mitigation,-0.15058043907056073,0.9582877107625072,-0.1283386681110079,0.8871262501644245,112.0
