topic,sentiment_mean,sentiment_std,subjectivity_mean,subjectivity_std,counting
Causes,0.02148911178472434,0.9293603160988281,0.14448567493636347,0.7220746505811197,19.0
Hazard,0.025619116810725227,0.9075218062088146,0.07224021405717068,0.9125224165787321,1252.0
Impacts,-0.07007434113688389,0.7854735372033433,-0.21730999328688963,0.9017857771891625,75.0
Mitigation,-0.10318951178204046,0.9138408501714498,-0.13561739502210868,0.8868070659596916,103.0
