topic,sentiment_mean,sentiment_std,subjectivity_mean,subjectivity_std,counting
Causes,0.019900564863155813,1.1097995388146618,0.28737183163994184,0.6985759890972417,10.0
Hazard,0.02543754598958992,0.9001278420310977,0.07160415279029987,0.9101370905089913,1134.0
Impacts,-0.039985885631449655,0.80256552994424,-0.13482823841056527,0.8118792272172205,63.0
Mitigation,-0.09994288200908082,0.8779957030693918,-0.1639506266638326,0.8798238971219673,92.0
