topic,sentiment_mean,sentiment_std,subjectivity_mean,subjectivity_std,counting
Causes,0.013531716125817082,0.8151955602921732,0.1958279562382089,0.8005249684510515,28.0
Hazard,0.0323600250552606,0.9080214398553028,0.060641772103923734,0.9201849393625221,1460.0
Impacts,-0.11273948344399753,0.8861362308457282,-0.1670833017556074,0.9171188795700503,95.0
Mitigation,-0.16874828496189057,0.9294298155683711,-0.10638017447586962,0.860842611996652,131.0
