topic,sentiment_mean,sentiment_std,subjectivity_mean,subjectivity_std,counting
Causes,0.017514908506051603,0.7736515352042458,0.13304785281148962,0.854379216163226,31.0
Hazard,0.03335379607439909,0.9083603011726562,0.061017020188152304,0.9211483733512541,1560.0
Impacts,-0.08085338423874756,0.9067304970864141,-0.1134194453388118,0.8914776958217976,116.0
Mitigation,-0.19283046370346893,0.9413058879853038,-0.12071725591042706,0.8938683263134,140.0
