topic,sentiment_mean,sentiment_std,subjectivity_mean,subjectivity_std,counting
Causes,0.19024652278010146,1.0364060585539498,0.3280687552724574,0.7579134196811401,9.0
Hazard,0.023335222102163745,0.8999350151907197,0.07111895291590153,0.9081479863414527,1104.0
Impacts,-0.03733011522273655,0.8034511131377303,-0.12323885506135455,0.8135972935901326,62.0
Mitigation,-0.09977073966846571,0.8592864014534891,-0.17258794352270723,0.8844370462404486,91.0
