topic,sentiment_mean,sentiment_std,subjectivity_mean,subjectivity_std,counting
Hazard,0.02115154767104604,0.8976871798910621,0.06154966092520779,0.9076435852434386,1070.0
Impacts,0.036720419070170714,0.6225250223348716,0.2263207679719755,0.5410098300257091,15.0
Mitigation,-0.09514214512850043,0.8683150771654913,-0.15983847288193226,0.8719950224608868,90.0
