topic,sentiment_mean,sentiment_std,subjectivity_mean,subjectivity_std,counting
Hazard,-0.035176547177315935,0.7576960104064027,0.012830005981991686,0.1941917550011784,223.0
Impacts,-0.0038652061459066634,0.7856769641779967,0.0,0.0,5.0
Mitigation,0.45554087032497814,1.0982711349108663,-0.08247860988423224,0.2182178902359923,18.0
