topic,sentiment_mean,sentiment_std,subjectivity_mean,subjectivity_std,counting
Causes,0.01820014016907946,0.7867856144966888,0.1207423914996713,0.864818383433799,30.0
Hazard,0.03330998502134528,0.9075575708725684,0.06143743091900516,0.9211855151702136,1549.0
Impacts,-0.08734583286644589,0.9070794795636388,-0.11789325155000407,0.8866333542054908,106.0
Mitigation,-0.19356886097429582,0.9425268949419805,-0.13027342242890977,0.8869027689536697,139.0
