topic,sentiment_mean,sentiment_std,subjectivity_mean,subjectivity_std,counting
Causes,0.1827807113725707,1.0426648763957886,0.292634232321542,0.7407414659822846,9.0
Hazard,0.023261745281571867,0.9008621946126544,0.07093238860590488,0.9094919665610537,1122.0
Impacts,-0.04004248306683007,0.7999135022691874,-0.12918164895359832,0.8096483684886342,63.0
Mitigation,-0.0970339102598066,0.8615485046119361,-0.16886560204009587,0.8837053403151874,91.0
