topic,sentiment_mean,sentiment_std,subjectivity_mean,subjectivity_std,counting
Causes,0.03265640001556822,0.9374490595241954,0.13389631153800782,0.8051873430553887,22.0
Hazard,0.02703074694736527,0.9056030756159571,0.06892488803795505,0.9150661001806739,1300.0
Impacts,-0.03300553377961278,0.7916276182847596,-0.1937402409591953,0.8936766472025779,79.0
Mitigation,-0.1501602799952814,0.9579066124734045,-0.12846003095247174,0.8889461572276535,112.0
