topic,sentiment_mean,sentiment_std,subjectivity_mean,subjectivity_std,counting
Causes,0.18801891728545791,1.0402453108118173,0.32264908682138554,0.7621268635828528,9.0
Hazard,0.02324362985627053,0.9009452041325534,0.07099312615474329,0.9089283944950749,1109.0
Impacts,-0.037463406608039596,0.7969460312772586,-0.1258474841925705,0.8072749266196844,63.0
Mitigation,-0.09921789084264364,0.858612895174413,-0.17126865817753914,0.8859530147384241,91.0
