topic,sentiment_mean,sentiment_std,subjectivity_mean,subjectivity_std,counting
Causes,0.006655272335445983,0.8300423291662945,0.1876230274740499,0.8142567479562541,27.0
Hazard,0.030326992397871008,0.9067965394204757,0.06015272357005973,0.9188921057341906,1424.0
Impacts,-0.10083881635264473,0.8820125024577729,-0.16084242641288454,0.919936326100641,92.0
Mitigation,-0.15101357258668635,0.9334373577070194,-0.09631015929445769,0.8629158046587475,130.0
