topic,sentiment_mean,sentiment_std,subjectivity_mean,subjectivity_std,counting
Causes,0.03524163600283238,0.7643787866601681,0.08641364432038014,0.9069462486269293,34.0
Hazard,0.033120775679178795,0.9114684537714012,0.06194940860483847,0.9212150260215128,1643.0
Impacts,-0.12127506742384597,0.8941023994268688,-0.11623445089946687,0.9144213489911337,122.0
Mitigation,-0.1572349594645615,0.9400386069218304,-0.11316665871576449,0.8838121211773968,148.0
