topic,sentiment_mean,sentiment_std,subjectivity_mean,subjectivity_std,counting
Causes,0.013531716125817082,0.8151955602921732,0.1958279562382089,0.8005249684510515,28.0
Hazard,0.031675708381209346,0.9081985122902949,0.06003960792511019,0.9203778876202093,1467.0
Impacts,-0.10135843011484835,0.8797765185551208,-0.15120446492340764,0.9140414854937501,96.0
Mitigation,-0.16858591594622518,0.9309489747920755,-0.10521082552133731,0.86263748490445,131.0
