topic,sentiment_mean,sentiment_std,subjectivity_mean,subjectivity_std,counting
Causes,0.058446729702465096,0.9179327118702171,0.09876747474127086,0.7309408803242056,20.0
Hazard,0.027413412542695307,0.9043201791369457,0.07192739984745636,0.913907112012404,1281.0
Impacts,-0.04495103587878145,0.7821323018518923,-0.20397502473518464,0.8958445467777411,77.0
Mitigation,-0.1495658719566118,0.9628749990619061,-0.13413840887953962,0.8921548931581372,110.0
