topic,sentiment_mean,sentiment_std,subjectivity_mean,subjectivity_std,counting
Causes,0.021520445426633183,1.1074386053873542,0.2924726725224951,0.694530684831458,10.0
Hazard,0.025654828752314986,0.901414853518714,0.07433107841247803,0.9074846594139174,1169.0
Impacts,-0.046776911621802086,0.803088503822306,-0.21045886384501883,0.9009466436954765,66.0
Mitigation,-0.10063301434088859,0.891132191669661,-0.16170060208140566,0.871446083976772,92.0
