topic,sentiment_mean,sentiment_std,subjectivity_mean,subjectivity_std,counting
Hazard,0.021481079882384388,0.8972381813489496,0.061575766782102664,0.9062062177159573,1048.0
Impacts,0.03140860358438925,0.6262221099228108,0.2298212071817424,0.5383730339154658,15.0
Mitigation,-0.09360745057788525,0.8647499458404913,-0.1578147354513414,0.8808919734602524,90.0
