week,sentiment_mean,sentiment_std,subjectivity_mean,subjectivity_std,counting
2025-02,-0.25689141007523464,0.6776246534429025,0.0,0.0,6.0
2025-03,-1.850371707708594e-17,0.8563488385776752,0.0,0.0,8.0
2025-04,-0.07024553819105375,0.6317981693886878,0.0,0.0,20.0
2025-05,0.6148144602970382,0.5910403879893167,0.0,0.0,13.0
2025-06,-0.10132520980946838,0.6145110553284557,0.0,0.0,32.0
2025-07,0.021626085332820306,0.6050664769977591,0.0,0.0,10.0
