topic,sentiment_mean,sentiment_std,subjectivity_mean,subjectivity_std,counting
Causes,0.039823163983812165,0.7711264643157117,0.08558997120814979,0.9057219396151459,34.0
Hazard,0.033725783253496365,0.9104252190978587,0.06189663271344058,0.9206393113189119,1657.0
Impacts,-0.13042267889684914,0.8943533021197634,-0.12711966561607888,0.9144863581697275,124.0
Mitigation,-0.1494129203185715,0.9418727897087759,-0.09949235853673942,0.8847181547752108,149.0
