topic,sentiment_mean,sentiment_std,subjectivity_mean,subjectivity_std,counting
Causes,0.035146612746763846,0.8271993861665956,0.23660146073643348,0.7863631492460508,27.0
Hazard,0.03009275969392751,0.9067069100613817,0.062368167803701205,0.9184753164900202,1398.0
Impacts,-0.10440335698861607,0.8757721269979483,-0.16184806762967077,0.9178482033285346,91.0
Mitigation,-0.14553558775997744,0.9393386460594094,-0.11490354745411266,0.8701320590838837,125.0
