topic,sentiment_mean,sentiment_std,subjectivity_mean,subjectivity_std,counting
Causes,0.013051232632361288,0.8152047371619896,0.1951406852848833,0.7997413172280097,28.0
Hazard,0.03242091309987662,0.9074273437366114,0.060570647860463525,0.9193178350173358,1447.0
Impacts,-0.11329498013256205,0.8791320130271967,-0.1665892871258962,0.9197303113350217,94.0
Mitigation,-0.1678492114281662,0.9300614678703931,-0.10183707791504869,0.8596236965717328,130.0
