topic,sentiment_mean,sentiment_std,subjectivity_mean,subjectivity_std,counting
Causes,0.04324599804300309,1.0771670394980368,0.23785363839335508,0.7201200758872282,10.0
Hazard,0.025713374277072595,0.9025358235379313,0.07423015124643435,0.9078966077397479,1210.0
Impacts,-0.05540915884636055,0.7975217469757667,-0.21522242664919758,0.9009319188579108,68.0
Mitigation,-0.10912837898199666,0.8960197298498037,-0.15250060625801357,0.8780423912085211,93.0
