week,sentiment_mean,sentiment_std,subjectivity_mean,subjectivity_std,counting
2025-02,-0.27231346204523,0.7923900202710243,0.0,0.0,6.0
2025-03,0.1107938011728802,1.0051023963846204,0.0,0.0,9.0
2025-04,0.025536487239114773,0.6234442824126257,0.0,0.0,26.0
2025-05,0.5609240609090689,0.849470126811905,0.0,1.0,22.0
2025-06,-0.039169831728059115,0.7751706999781117,0.0,0.0,37.0
2025-07,-0.16831320707907382,0.5145553948937048,-0.08838834764831843,0.25,20.0
2025-08,-0.34150037236654174,0.2576949260868981,0.1414213562373095,0.31622776601683794,15.0
