topic,sentiment_mean,sentiment_std,subjectivity_mean,subjectivity_std,counting
Hazard,-0.03974265116824042,0.7678596894884949,0.011782658554890323,0.18595832561682507,244.0
Impacts,-0.003250536683341565,0.7855700631876266,0.0,0.0,5.0
Mitigation,0.5181468337003526,1.0343072349680764,-0.08247860988423224,0.2182178902359923,19.0
