topic,sentiment_mean,sentiment_std,subjectivity_mean,subjectivity_std,counting
Causes,0.035146612746763846,0.8271993861665956,0.23660146073643348,0.7863631492460508,27.0
Hazard,0.030235127362561266,0.9068815444805474,0.061843125874259254,0.9184323700581997,1404.0
Impacts,-0.11095448116468054,0.8732106771643169,-0.16777479277702814,0.9145596109362755,92.0
Mitigation,-0.14573744206465009,0.9394061798760357,-0.114974840339452,0.8701868193461919,125.0
