topic,sentiment_mean,sentiment_std,subjectivity_mean,subjectivity_std,counting
Causes,0.0393568821045373,0.8585873118536566,0.22423927098190405,0.7895683855422324,25.0
Hazard,0.03131706809245033,0.9032949181832646,0.062146146843003215,0.9159541738696316,1358.0
Impacts,-0.11102674235983549,0.8566163870990686,-0.13495630167017805,0.9268534301097046,85.0
Mitigation,-0.1529715328048917,0.960428500215635,-0.12082989606639935,0.8747102837865351,119.0
