topic,sentiment_mean,sentiment_std,subjectivity_mean,subjectivity_std,counting
Causes,0.025656975469491985,0.7821120615811468,0.1599131981668499,0.8399598645065107,31.0
Hazard,0.03325367723201565,0.9084545807707958,0.06002203038447623,0.9217745993994954,1575.0
Impacts,-0.08477977159673687,0.9087442318611807,-0.11216437358876846,0.8932749317805507,116.0
Mitigation,-0.19484811711575506,0.9426690616345427,-0.11996203251319112,0.8936865351630164,140.0
