topic,sentiment_mean,sentiment_std,subjectivity_mean,subjectivity_std,counting
Causes,0.04324599804300309,1.0771670394980368,0.23785363839335508,0.7201200758872282,10.0
Hazard,0.02574066865233698,0.9012522986374881,0.07513946200479615,0.9077313028408704,1187.0
Impacts,-0.04719475180697989,0.8043613628255943,-0.21042612971116562,0.9024232380325422,66.0
Mitigation,-0.11399706562416764,0.8960138259221241,-0.15461411959298318,0.8726206078837971,93.0
