topic,sentiment_mean,sentiment_std,subjectivity_mean,subjectivity_std,counting
Hazard,0.00804905843929394,0.7221007904683238,0.0,0.18257418583505536,127.0
Impacts,-0.021316705615745446,0.8397333153906846,0.0,1.0,4.0
Mitigation,0.15675691130006356,1.1231318495944085,0.0,0.0,4.0
