topic,sentiment_mean,sentiment_std,subjectivity_mean,subjectivity_std,counting
Hazard,-0.027895463027383317,0.7470906150616642,0.017495462702715934,0.22752511238910916,173.0
Impacts,0.008554660963267157,0.7065491881098156,0.0,0.0,5.0
Mitigation,0.5104572485037261,1.2424145875234123,-0.0962250448649376,0.2357022603955158,15.0
