topic,sentiment_mean,sentiment_std,subjectivity_mean,subjectivity_std,counting
Causes,0.017163186765560955,0.7712947203415955,0.09893582728417391,0.9014436611591004,32.0
Hazard,0.03364414532693227,0.9094163164540284,0.05966653148235112,0.9211454132145586,1586.0
Impacts,-0.09442486188076209,0.9125932029211324,-0.10721686308097131,0.8991985223247029,117.0
Mitigation,-0.19312386308167104,0.9397117561011383,-0.11737390288542429,0.892559760246076,140.0
