topic,sentiment_mean,sentiment_std,subjectivity_mean,subjectivity_std,counting
Hazard,0.021348475916359442,0.8981390483073549,0.06112513182262034,0.9073765785012433,1057.0
Impacts,0.036720419070170714,0.6225250223348716,0.2263207679719755,0.5410098300257091,15.0
Mitigation,-0.0950893947445954,0.8653282015716063,-0.1581064624584365,0.8768774976217563,90.0
