topic,sentiment_mean,sentiment_std,subjectivity_mean,subjectivity_std,counting
Causes,0.018642698290671007,0.7717676472777597,0.1009352468399844,0.9017519355265113,32.0
Hazard,0.03461079591816144,0.9100345838178201,0.061500451052148,0.9207144472111856,1605.0
Impacts,-0.1031812430066559,0.9018696915966786,-0.1312654334119813,0.912447831803193,119.0
Mitigation,-0.197635357257329,0.942051327316564,-0.11631344278268138,0.886141507490237,141.0
