topic,sentiment_mean,sentiment_std,subjectivity_mean,subjectivity_std,counting
Causes,0.01141658182656531,0.7788135466397584,0.09025326156203835,0.9170624528720305,32.0
Hazard,0.03426178522937146,0.9102998384352572,0.060729276339746535,0.9210757185624745,1622.0
Impacts,-0.10924241092069278,0.9027015430956882,-0.1220376796043492,0.9086050085788423,121.0
Mitigation,-0.184089346111874,0.9451233019124305,-0.11082715767184656,0.8904616506565601,142.0
