topic,sentiment_mean,sentiment_std,subjectivity_mean,subjectivity_std,counting
Causes,0.023793574245589838,0.9298506732639856,0.14251070276648514,0.7238273303517342,19.0
Hazard,0.02389398973708527,0.9063341556894526,0.07270624888054043,0.9133102008177276,1265.0
Impacts,-0.05540374048690624,0.7877730413365518,-0.20409211072654312,0.8981606250201656,77.0
Mitigation,-0.08994443686729703,0.9307632373461495,-0.14066634240891848,0.8840520859974071,106.0
